class,correct,total,precision,recall,f1
NSR,84,100,0.8316831683168316,0.84,0.835820895522388
CHF,76,100,0.8172043010752689,0.76,0.7875647668393783
ARR,71,100,0.7319587628865979,0.71,0.7208121827411167
AFF,82,100,0.7522935779816514,0.82,0.784688995215311
