class,correct,total,precision,recall,f1
NSR,36,40,0.8780487804878049,0.9,0.888888888888889
CHF,31,40,0.9117647058823529,0.775,0.8378378378378379
ARR,38,40,0.7755102040816326,0.95,0.8539325842696629
AFF,31,40,0.8611111111111112,0.775,0.8157894736842106
