class,correct,total,precision,recall,f1
NSR,31,40,0.8378378378378378,0.775,0.8051948051948051
CHF,37,40,0.925,0.925,0.925
ARR,28,40,0.6666666666666666,0.7,0.6829268292682926
AFF,35,40,0.8536585365853658,0.875,0.8641975308641976
