{
  "correct": 466,
  "total": 512,
  "accuracy": 0.91015625,
  "macro_f1": 0.909629671165779,
  "balanced_accuracy": 0.91015625,
  "per_class": {
    "NSR": {
      "precision": 0.8931297709923665,
      "recall": 0.9140625,
      "f1": 0.9034749034749036
    },
    "CHF": {
      "precision": 0.8863636363636364,
      "recall": 0.9140625,
      "f1": 0.9
    },
    "ARR": {
      "precision": 0.8907563025210085,
      "recall": 0.828125,
      "f1": 0.8582995951417005
    },
    "AFF": {
      "precision": 0.9692307692307692,
      "recall": 0.984375,
      "f1": 0.9767441860465116
    }
  },
  "confusion": {
    "NSR": {
      "NSR": 117,
      "CHF": 6,
      "ARR": 5,
      "AFF": 0
    },
    "CHF": {
      "NSR": 4,
      "CHF": 117,
      "ARR": 7,
      "AFF": 0
    },
    "ARR": {
      "NSR": 10,
      "CHF": 8,
      "ARR": 106,
      "AFF": 4
    },
    "AFF": {
      "NSR": 0,
      "CHF": 1,
      "ARR": 1,
      "AFF": 126
    }
  },
  "python_expected_rows": 512,
  "pred_mismatch_vs_python": 0,
  "mem_mismatch_rows_vs_python": 46,
  "pred_valid_not_1": 0
}