{
  "correct": 62,
  "total": 68,
  "accuracy": 0.9117647058823529,
  "macro_f1": 0.912441378066378,
  "balanced_accuracy": 0.9117647058823529,
  "min_recall": 0.8823529411764706,
  "per_class": {
    "NSR": {
      "precision": 0.8421052631578947,
      "recall": 0.9411764705882353,
      "f1": 0.8888888888888888,
      "support": 17
    },
    "CHF": {
      "precision": 1.0,
      "recall": 0.8823529411764706,
      "f1": 0.9375,
      "support": 17
    },
    "ARR": {
      "precision": 0.8888888888888888,
      "recall": 0.9411764705882353,
      "f1": 0.9142857142857143,
      "support": 17
    },
    "AFF": {
      "precision": 0.9375,
      "recall": 0.8823529411764706,
      "f1": 0.9090909090909091,
      "support": 17
    }
  },
  "confusion_matrix": [
    [
      16,
      0,
      1,
      0
    ],
    [
      1,
      15,
      0,
      1
    ],
    [
      1,
      0,
      16,
      0
    ],
    [
      1,
      0,
      1,
      15
    ]
  ]
}