{
  "correct": 32,
  "total": 36,
  "accuracy": 0.8888888888888888,
  "macro_f1": 0.8846362229102167,
  "balanced_accuracy": 0.8888888888888888,
  "min_recall": 0.6666666666666666,
  "per_class": {
    "NSR": {
      "precision": 0.8181818181818182,
      "recall": 1.0,
      "f1": 0.9,
      "support": 9
    },
    "CHF": {
      "precision": 0.9,
      "recall": 1.0,
      "f1": 0.9473684210526316,
      "support": 9
    },
    "ARR": {
      "precision": 0.8571428571428571,
      "recall": 0.6666666666666666,
      "f1": 0.75,
      "support": 9
    },
    "AFF": {
      "precision": 1.0,
      "recall": 0.8888888888888888,
      "f1": 0.9411764705882353,
      "support": 9
    }
  },
  "confusion_matrix": [
    [
      9,
      0,
      0,
      0
    ],
    [
      0,
      9,
      0,
      0
    ],
    [
      2,
      1,
      6,
      0
    ],
    [
      0,
      0,
      1,
      8
    ]
  ]
}