{
  "accuracy": 0.8264925373134329,
  "correct": 443,
  "total": 536,
  "macro_precision": 0.8272238911323418,
  "macro_recall": 0.8264925373134329,
  "macro_f1": 0.8266169376009193,
  "balanced_accuracy": 0.8264925373134329,
  "min_recall": 0.7835820895522388,
  "recall_range": 0.09701492537313428,
  "per_class": {
    "NSR": {
      "precision": 0.8307692307692308,
      "recall": 0.8059701492537313,
      "f1": 0.8181818181818182,
      "support": 134
    },
    "CHF": {
      "precision": 0.7887323943661971,
      "recall": 0.835820895522388,
      "f1": 0.8115942028985507,
      "support": 134
    },
    "ARR": {
      "precision": 0.7954545454545454,
      "recall": 0.7835820895522388,
      "f1": 0.7894736842105262,
      "support": 134
    },
    "AFF": {
      "precision": 0.8939393939393939,
      "recall": 0.8805970149253731,
      "f1": 0.887218045112782,
      "support": 134
    }
  },
  "confusion_matrix": [
    [
      108,
      14,
      12,
      0
    ],
    [
      6,
      112,
      7,
      9
    ],
    [
      13,
      11,
      105,
      5
    ],
    [
      3,
      5,
      8,
      118
    ]
  ]
}