{
  "accuracy": 0.8657407407407407,
  "correct": 935,
  "total": 1080,
  "macro_precision": 0.8659115183244739,
  "macro_recall": 0.8657407407407407,
  "macro_f1": 0.8649620484476072,
  "balanced_accuracy": 0.8657407407407407,
  "min_recall": 0.774074074074074,
  "recall_range": 0.1703703703703704,
  "per_class": {
    "NSR": {
      "precision": 0.8914728682170543,
      "recall": 0.8518518518518519,
      "f1": 0.8712121212121213,
      "support": 270
    },
    "CHF": {
      "precision": 0.8253424657534246,
      "recall": 0.8925925925925926,
      "f1": 0.8576512455516014,
      "support": 270
    },
    "ARR": {
      "precision": 0.8393574297188755,
      "recall": 0.774074074074074,
      "f1": 0.8053949903660886,
      "support": 270
    },
    "AFF": {
      "precision": 0.9074733096085409,
      "recall": 0.9444444444444444,
      "f1": 0.9255898366606171,
      "support": 270
    }
  },
  "confusion_matrix": [
    [
      230,
      24,
      12,
      4
    ],
    [
      3,
      241,
      18,
      8
    ],
    [
      24,
      23,
      209,
      14
    ],
    [
      1,
      4,
      10,
      255
    ]
  ]
}