{
  "accuracy": 0.8055555555555556,
  "correct": 435,
  "total": 540,
  "macro_precision": 0.8067203970921977,
  "macro_recall": 0.8055555555555556,
  "macro_f1": 0.8053894785770405,
  "balanced_accuracy": 0.8055555555555556,
  "min_recall": 0.725925925925926,
  "recall_range": 0.11111111111111105,
  "per_class": {
    "NSR": {
      "precision": 0.8235294117647058,
      "recall": 0.8296296296296296,
      "f1": 0.8265682656826567,
      "support": 135
    },
    "CHF": {
      "precision": 0.7567567567567568,
      "recall": 0.8296296296296296,
      "f1": 0.7915194346289752,
      "support": 135
    },
    "ARR": {
      "precision": 0.784,
      "recall": 0.725925925925926,
      "f1": 0.7538461538461539,
      "support": 135
    },
    "AFF": {
      "precision": 0.8625954198473282,
      "recall": 0.837037037037037,
      "f1": 0.849624060150376,
      "support": 135
    }
  },
  "confusion_matrix": [
    [
      112,
      12,
      8,
      3
    ],
    [
      9,
      112,
      9,
      5
    ],
    [
      9,
      18,
      98,
      10
    ],
    [
      6,
      6,
      10,
      113
    ]
  ]
}