{
  "note": "Record-wise holdout search. Test is evaluated only after validation-selected candidate is fixed.",
  "classes": [
    "NSR",
    "CHF",
    "ARR",
    "AFF"
  ],
  "candidate_id": 177,
  "kind": "guarded_rule",
  "params": {
    "arr": [
      8,
      0,
      0
    ],
    "aff_quiet": null,
    "aff_persistent": [
      8,
      3,
      500
    ],
    "nsr": null
  },
  "complexity": 2,
  "selection_rule": "validation macro-F1, balanced accuracy, recall balance, accuracy, then simplicity",
  "model": {
    "arr": [
      8,
      0,
      0
    ],
    "aff_quiet": null,
    "aff_persistent": [
      8,
      3,
      500
    ],
    "nsr": null
  },
  "metrics": {
    "train": {
      "accuracy": 0.6764705882352942,
      "correct": 46,
      "total": 68,
      "macro_precision": 0.6961281614094914,
      "macro_recall": 0.6764705882352942,
      "macro_f1": 0.6714674758792406,
      "balanced_accuracy": 0.6764705882352942,
      "min_recall": 0.47058823529411764,
      "recall_range": 0.3529411764705882,
      "per_class": {
        "NSR": {
          "precision": 0.7647058823529411,
          "recall": 0.7647058823529411,
          "f1": 0.7647058823529412,
          "support": 17
        },
        "CHF": {
          "precision": 0.6111111111111112,
          "recall": 0.6470588235294118,
          "f1": 0.6285714285714287,
          "support": 17
        },
        "ARR": {
          "precision": 0.6086956521739131,
          "recall": 0.8235294117647058,
          "f1": 0.7,
          "support": 17
        },
        "AFF": {
          "precision": 0.8,
          "recall": 0.47058823529411764,
          "f1": 0.5925925925925927,
          "support": 17
        }
      },
      "confusion_matrix": [
        [
          13,
          0,
          4,
          0
        ],
        [
          1,
          11,
          3,
          2
        ],
        [
          3,
          0,
          14,
          0
        ],
        [
          0,
          7,
          2,
          8
        ]
      ]
    },
    "val": {
      "accuracy": 0.875,
      "correct": 28,
      "total": 32,
      "macro_precision": 0.9166666666666666,
      "macro_recall": 0.875,
      "macro_f1": 0.8666666666666667,
      "balanced_accuracy": 0.875,
      "min_recall": 0.5,
      "recall_range": 0.5,
      "per_class": {
        "NSR": {
          "precision": 0.6666666666666666,
          "recall": 1.0,
          "f1": 0.8,
          "support": 8
        },
        "CHF": {
          "precision": 1.0,
          "recall": 1.0,
          "f1": 1.0,
          "support": 8
        },
        "ARR": {
          "precision": 1.0,
          "recall": 0.5,
          "f1": 0.6666666666666666,
          "support": 8
        },
        "AFF": {
          "precision": 1.0,
          "recall": 1.0,
          "f1": 1.0,
          "support": 8
        }
      },
      "confusion_matrix": [
        [
          8,
          0,
          0,
          0
        ],
        [
          0,
          8,
          0,
          0
        ],
        [
          4,
          0,
          4,
          0
        ],
        [
          0,
          0,
          0,
          8
        ]
      ]
    },
    "test": {
      "accuracy": 0.6666666666666666,
      "correct": 24,
      "total": 36,
      "macro_precision": 0.6702380952380952,
      "macro_recall": 0.6666666666666666,
      "macro_f1": 0.6650219298245614,
      "balanced_accuracy": 0.6666666666666666,
      "min_recall": 0.5555555555555556,
      "recall_range": 0.2222222222222222,
      "per_class": {
        "NSR": {
          "precision": 0.7,
          "recall": 0.7777777777777778,
          "f1": 0.7368421052631577,
          "support": 9
        },
        "CHF": {
          "precision": 0.7142857142857143,
          "recall": 0.5555555555555556,
          "f1": 0.6250000000000001,
          "support": 9
        },
        "ARR": {
          "precision": 0.6666666666666666,
          "recall": 0.6666666666666666,
          "f1": 0.6666666666666666,
          "support": 9
        },
        "AFF": {
          "precision": 0.6,
          "recall": 0.6666666666666666,
          "f1": 0.631578947368421,
          "support": 9
        }
      },
      "confusion_matrix": [
        [
          7,
          2,
          0,
          0
        ],
        [
          0,
          5,
          1,
          3
        ],
        [
          2,
          0,
          6,
          1
        ],
        [
          1,
          0,
          2,
          6
        ]
      ]
    }
  }
}