{
  "accuracy": 0.7222222222222222,
  "correct": 26,
  "total": 36,
  "macro_precision": 0.7344877344877345,
  "macro_recall": 0.7222222222222222,
  "macro_f1": 0.7236111111111111,
  "balanced_accuracy": 0.7222222222222222,
  "min_recall": 0.6666666666666666,
  "recall_range": 0.11111111111111116,
  "per_class": {
    "NSR": {
      "precision": 0.8571428571428571,
      "recall": 0.6666666666666666,
      "f1": 0.75,
      "support": 9
    },
    "CHF": {
      "precision": 0.7777777777777778,
      "recall": 0.7777777777777778,
      "f1": 0.7777777777777778,
      "support": 9
    },
    "ARR": {
      "precision": 0.6363636363636364,
      "recall": 0.7777777777777778,
      "f1": 0.7000000000000001,
      "support": 9
    },
    "AFF": {
      "precision": 0.6666666666666666,
      "recall": 0.6666666666666666,
      "f1": 0.6666666666666666,
      "support": 9
    }
  },
  "confusion_matrix": [
    [
      6,
      2,
      1,
      0
    ],
    [
      0,
      7,
      0,
      2
    ],
    [
      1,
      0,
      7,
      1
    ],
    [
      0,
      0,
      3,
      6
    ]
  ]
}