{
  "note": "Honest record-wise search: candidates are generated from train, selected by validation only; test is evaluated once after selection. Search CSV intentionally has no test metrics.",
  "classes": [
    "NSR",
    "CHF",
    "ARR",
    "AFF"
  ],
  "selection_constraint": {
    "candidate_val_macro_f1_must_be_at_least_majority": 0.7919191919191919,
    "candidate_val_arr_recall_must_be_at_least_majority": 0.375,
    "admissible_candidate_count": 5756
  },
  "majority_baseline": {
    "train": {
      "accuracy": 0.75,
      "correct": 51,
      "total": 68,
      "macro_precision": 0.7724495898838004,
      "macro_recall": 0.75,
      "macro_f1": 0.7455228354126859,
      "balanced_accuracy": 0.75,
      "min_recall": 0.5294117647058824,
      "recall_range": 0.3529411764705882,
      "per_class": {
        "NSR": {
          "precision": 0.7894736842105263,
          "recall": 0.8823529411764706,
          "f1": 0.8333333333333333,
          "support": 17
        },
        "CHF": {
          "precision": 0.625,
          "recall": 0.8823529411764706,
          "f1": 0.7317073170731708,
          "support": 17
        },
        "ARR": {
          "precision": 0.8571428571428571,
          "recall": 0.7058823529411765,
          "f1": 0.7741935483870968,
          "support": 17
        },
        "AFF": {
          "precision": 0.8181818181818182,
          "recall": 0.5294117647058824,
          "f1": 0.6428571428571428,
          "support": 17
        }
      },
      "confusion_matrix": [
        [
          15,
          0,
          2,
          0
        ],
        [
          1,
          15,
          0,
          1
        ],
        [
          3,
          1,
          12,
          1
        ],
        [
          0,
          8,
          0,
          9
        ]
      ]
    },
    "val": {
      "accuracy": 0.8125,
      "correct": 26,
      "total": 32,
      "macro_precision": 0.8666666666666667,
      "macro_recall": 0.8125,
      "macro_f1": 0.7919191919191919,
      "balanced_accuracy": 0.8125,
      "min_recall": 0.375,
      "recall_range": 0.625,
      "per_class": {
        "NSR": {
          "precision": 0.6666666666666666,
          "recall": 1.0,
          "f1": 0.8,
          "support": 8
        },
        "CHF": {
          "precision": 0.8,
          "recall": 1.0,
          "f1": 0.888888888888889,
          "support": 8
        },
        "ARR": {
          "precision": 1.0,
          "recall": 0.375,
          "f1": 0.5454545454545454,
          "support": 8
        },
        "AFF": {
          "precision": 1.0,
          "recall": 0.875,
          "f1": 0.9333333333333333,
          "support": 8
        }
      },
      "confusion_matrix": [
        [
          8,
          0,
          0,
          0
        ],
        [
          0,
          8,
          0,
          0
        ],
        [
          4,
          1,
          3,
          0
        ],
        [
          0,
          1,
          0,
          7
        ]
      ]
    },
    "test": {
      "accuracy": 0.7222222222222222,
      "correct": 26,
      "total": 36,
      "macro_precision": 0.7344877344877345,
      "macro_recall": 0.7222222222222222,
      "macro_f1": 0.7236111111111111,
      "balanced_accuracy": 0.7222222222222222,
      "min_recall": 0.6666666666666666,
      "recall_range": 0.11111111111111116,
      "per_class": {
        "NSR": {
          "precision": 0.6363636363636364,
          "recall": 0.7777777777777778,
          "f1": 0.7000000000000001,
          "support": 9
        },
        "CHF": {
          "precision": 0.7777777777777778,
          "recall": 0.7777777777777778,
          "f1": 0.7777777777777778,
          "support": 9
        },
        "ARR": {
          "precision": 0.8571428571428571,
          "recall": 0.6666666666666666,
          "f1": 0.75,
          "support": 9
        },
        "AFF": {
          "precision": 0.6666666666666666,
          "recall": 0.6666666666666666,
          "f1": 0.6666666666666666,
          "support": 9
        }
      },
      "confusion_matrix": [
        [
          7,
          2,
          0,
          0
        ],
        [
          0,
          7,
          0,
          2
        ],
        [
          2,
          0,
          6,
          1
        ],
        [
          2,
          0,
          1,
          6
        ]
      ]
    }
  },
  "candidate_id": 7846,
  "kind": "single_threshold_override",
  "params": {
    "base": "majority",
    "source_class": "NSR",
    "target_class": "ARR",
    "feature": "ectopic_pair_count_max",
    "direction": "gt",
    "threshold": 6.2
  },
  "complexity": 3,
  "model": null,
  "metrics": {
    "train": {
      "accuracy": 0.7058823529411765,
      "correct": 48,
      "total": 68,
      "macro_precision": 0.7488389328063241,
      "macro_recall": 0.7058823529411764,
      "macro_f1": 0.6978077816492451,
      "balanced_accuracy": 0.7058823529411764,
      "min_recall": 0.5294117647058824,
      "recall_range": 0.3529411764705882,
      "per_class": {
        "NSR": {
          "precision": 0.9,
          "recall": 0.5294117647058824,
          "f1": 0.6666666666666667,
          "support": 17
        },
        "CHF": {
          "precision": 0.625,
          "recall": 0.8823529411764706,
          "f1": 0.7317073170731708,
          "support": 17
        },
        "ARR": {
          "precision": 0.6521739130434783,
          "recall": 0.8823529411764706,
          "f1": 0.75,
          "support": 17
        },
        "AFF": {
          "precision": 0.8181818181818182,
          "recall": 0.5294117647058824,
          "f1": 0.6428571428571428,
          "support": 17
        }
      },
      "confusion_matrix": [
        [
          9,
          0,
          8,
          0
        ],
        [
          1,
          15,
          0,
          1
        ],
        [
          0,
          1,
          15,
          1
        ],
        [
          0,
          8,
          0,
          9
        ]
      ]
    },
    "val": {
      "accuracy": 0.9375,
      "correct": 30,
      "total": 32,
      "macro_precision": 0.95,
      "macro_recall": 0.9375,
      "macro_f1": 0.9388888888888889,
      "balanced_accuracy": 0.9375,
      "min_recall": 0.875,
      "recall_range": 0.125,
      "per_class": {
        "NSR": {
          "precision": 1.0,
          "recall": 1.0,
          "f1": 1.0,
          "support": 8
        },
        "CHF": {
          "precision": 0.8,
          "recall": 1.0,
          "f1": 0.888888888888889,
          "support": 8
        },
        "ARR": {
          "precision": 1.0,
          "recall": 0.875,
          "f1": 0.9333333333333333,
          "support": 8
        },
        "AFF": {
          "precision": 1.0,
          "recall": 0.875,
          "f1": 0.9333333333333333,
          "support": 8
        }
      },
      "confusion_matrix": [
        [
          8,
          0,
          0,
          0
        ],
        [
          0,
          8,
          0,
          0
        ],
        [
          0,
          1,
          7,
          0
        ],
        [
          0,
          1,
          0,
          7
        ]
      ]
    },
    "test": {
      "accuracy": 0.7222222222222222,
      "correct": 26,
      "total": 36,
      "macro_precision": 0.7344877344877345,
      "macro_recall": 0.7222222222222222,
      "macro_f1": 0.7236111111111111,
      "balanced_accuracy": 0.7222222222222222,
      "min_recall": 0.6666666666666666,
      "recall_range": 0.11111111111111116,
      "per_class": {
        "NSR": {
          "precision": 0.8571428571428571,
          "recall": 0.6666666666666666,
          "f1": 0.75,
          "support": 9
        },
        "CHF": {
          "precision": 0.7777777777777778,
          "recall": 0.7777777777777778,
          "f1": 0.7777777777777778,
          "support": 9
        },
        "ARR": {
          "precision": 0.6363636363636364,