{
  "accuracy": 0.7058823529411765,
  "correct": 48,
  "total": 68,
  "macro_precision": 0.7488389328063241,
  "macro_recall": 0.7058823529411764,
  "macro_f1": 0.6978077816492451,
  "balanced_accuracy": 0.7058823529411764,
  "min_recall": 0.5294117647058824,
  "recall_range": 0.3529411764705882,
  "per_class": {
    "NSR": {
      "precision": 0.9,
      "recall": 0.5294117647058824,
      "f1": 0.6666666666666667,
      "support": 17
    },
    "CHF": {
      "precision": 0.625,
      "recall": 0.8823529411764706,
      "f1": 0.7317073170731708,
      "support": 17
    },
    "ARR": {
      "precision": 0.6521739130434783,
      "recall": 0.8823529411764706,
      "f1": 0.75,
      "support": 17
    },
    "AFF": {
      "precision": 0.8181818181818182,
      "recall": 0.5294117647058824,
      "f1": 0.6428571428571428,
      "support": 17
    }
  },
  "confusion_matrix": [
    [
      9,
      0,
      8,
      0
    ],
    [
      1,
      15,
      0,
      1
    ],
    [
      0,
      1,
      15,
      1
    ],
    [
      0,
      8,
      0,
      9
    ]
  ]
}