{
  "accuracy": 0.8088235294117647,
  "correct": 55,
  "total": 68,
  "macro_precision": 0.8470833333333334,
  "macro_recall": 0.8088235294117647,
  "macro_f1": 0.8018648018648019,
  "balanced_accuracy": 0.8088235294117647,
  "min_recall": 0.5294117647058824,
  "recall_range": 0.47058823529411764,
  "per_class": {
    "NSR": {
      "precision": 0.8333333333333334,
      "recall": 0.8823529411764706,
      "f1": 0.8571428571428571,
      "support": 17
    },
    "CHF": {
      "precision": 0.68,
      "recall": 1.0,
      "f1": 0.8095238095238095,
      "support": 17
    },
    "ARR": {
      "precision": 0.875,
      "recall": 0.8235294117647058,
      "f1": 0.8484848484848485,
      "support": 17
    },
    "AFF": {
      "precision": 1.0,
      "recall": 0.5294117647058824,
      "f1": 0.6923076923076924,
      "support": 17
    }
  },
  "confusion_matrix": [
    [
      15,
      0,
      2,
      0
    ],
    [
      0,
      17,
      0,
      0
    ],
    [
      3,
      0,
      14,
      0
    ],
    [
      0,
      8,
      0,
      9
    ]
  ]
}