{
  "accuracy": 0.7058823529411765,
  "correct": 48,
  "total": 68,
  "macro_precision": 0.7576933935629588,
  "macro_recall": 0.7058823529411764,
  "macro_f1": 0.7049834574028122,
  "balanced_accuracy": 0.7058823529411764,
  "min_recall": 0.5294117647058824,
  "recall_range": 0.2941176470588235,
  "per_class": {
    "NSR": {
      "precision": 0.7857142857142857,
      "recall": 0.6470588235294118,
      "f1": 0.7096774193548386,
      "support": 17
    },
    "CHF": {
      "precision": 0.6363636363636364,
      "recall": 0.8235294117647058,
      "f1": 0.717948717948718,
      "support": 17
    },
    "ARR": {
      "precision": 0.6086956521739131,
      "recall": 0.8235294117647058,
      "f1": 0.7,
      "support": 17
    },
    "AFF": {
      "precision": 1.0,
      "recall": 0.5294117647058824,
      "f1": 0.6923076923076924,
      "support": 17
    }
  },
  "confusion_matrix": [
    [
      11,
      0,
      6,
      0
    ],
    [
      0,
      14,
      3,
      0
    ],
    [
      3,
      0,
      14,
      0
    ],
    [
      0,
      8,
      0,
      9
    ]
  ]
}