{
  "candidate": {
    "candidate_id": 15013,
    "kind": "record_arr_rescue",
    "params": {
      "arr_th": 5,
      "abnormal_th": 0,
      "boost": 16
    },
    "tie_order": [
      0,
      1,
      2,
      3
    ],
    "complexity": 2
  },
  "train": {
    "accuracy": 0.8088235294117647,
    "correct": 55,
    "total": 68,
    "macro_precision": 0.8470833333333334,
    "macro_recall": 0.8088235294117647,
    "macro_f1": 0.8018648018648019,
    "balanced_accuracy": 0.8088235294117647,
    "min_recall": 0.5294117647058824,
    "recall_range": 0.47058823529411764,
    "per_class": {
      "NSR": {
        "precision": 0.8333333333333334,
        "recall": 0.8823529411764706,
        "f1": 0.8571428571428571,
        "support": 17
      },
      "CHF": {
        "precision": 0.68,
        "recall": 1.0,
        "f1": 0.8095238095238095,
        "support": 17
      },
      "ARR": {
        "precision": 0.875,
        "recall": 0.8235294117647058,
        "f1": 0.8484848484848485,
        "support": 17
      },
      "AFF": {
        "precision": 1.0,
        "recall": 0.5294117647058824,
        "f1": 0.6923076923076924,
        "support": 17
      }
    },
    "confusion_matrix": [
      [
        15,
        0,
        2,
        0
      ],
      [
        0,
        17,
        0,
        0
      ],
      [
        3,
        0,
        14,
        0
      ],
      [
        0,
        8,
        0,
        9
      ]
    ]
  },
  "val": {
    "accuracy": 0.90625,
    "correct": 29,
    "total": 32,
    "macro_precision": 0.9318181818181819,
    "macro_recall": 0.90625,
    "macro_f1": 0.902834008097166,
    "balanced_accuracy": 0.90625,
    "min_recall": 0.625,
    "recall_range": 0.375,
    "per_class": {
      "NSR": {
        "precision": 0.7272727272727273,
        "recall": 1.0,
        "f1": 0.8421052631578948,
        "support": 8
      },
      "CHF": {
        "precision": 1.0,
        "recall": 1.0,
        "f1": 1.0,
        "support": 8
      },
      "ARR": {
        "precision": 1.0,
        "recall": 0.625,
        "f1": 0.7692307692307693,
        "support": 8
      },
      "AFF": {
        "precision": 1.0,
        "recall": 1.0,
        "f1": 1.0,
        "support": 8
      }
    },
    "confusion_matrix": [
      [
        8,
        0,
        0,
        0
      ],
      [
        0,
        8,
        0,
        0
      ],
      [
        3,
        0,
        5,
        0
      ],
      [
        0,
        0,
        0,
        8
      ]
    ]
  },
  "test": {
    "accuracy": 0.8333333333333334,
    "correct": 30,
    "total": 36,
    "macro_precision": 0.8517857142857143,
    "macro_recall": 0.8333333333333333,
    "macro_f1": 0.831062030075188,
    "balanced_accuracy": 0.8333333333333333,
    "min_recall": 0.6666666666666666,
    "recall_range": 0.33333333333333337,
    "per_class": {
      "NSR": {
        "precision": 0.8,
        "recall": 0.8888888888888888,
        "f1": 0.8421052631578948,
        "support": 9
      },
      "CHF": {
        "precision": 0.8571428571428571,
        "recall": 0.6666666666666666,
        "f1": 0.75,
        "support": 9
      },
      "ARR": {
        "precision": 1.0,
        "recall": 0.7777777777777778,
        "f1": 0.8750000000000001,
        "support": 9
      },
      "AFF": {
        "precision": 0.75,
        "recall": 1.0,
        "f1": 0.8571428571428571,
        "support": 9
      }
    },
    "confusion_matrix": [
      [
        8,
        1,
        0,
        0
      ],
      [
        0,
        6,
        0,
        3
      ],
      [
        2,
        0,
        7,
        0
      ],
      [
        0,
        0,
        0,
        9
      ]
    ]
  },
  "constraints": {
    "train_accuracy_floor": 0.8,
    "val_accuracy_floor": 0.8,
    "test_correct_target": 29,
    "eligible_candidate_count": 105
  },
  "note": "No-oracle strict record-level search. Candidate search and selection used only train/validation metrics, with train and validation accuracy floors. Test metrics were computed once after validation selection."
}