{
  "candidate": {
    "candidate_id": 15014,
    "kind": "record_arr_rescue",
    "params": {
      "arr_th": 5,
      "abnormal_th": 0,
      "boost": 32
    },
    "tie_order": [
      0,
      1,
      2,
      3
    ],
    "complexity": 2
  },
  "train": {
    "accuracy": 0.7058823529411765,
    "correct": 48,
    "total": 68,
    "macro_precision": 0.7576933935629588,
    "macro_recall": 0.7058823529411764,
    "macro_f1": 0.7049834574028122,
    "balanced_accuracy": 0.7058823529411764,
    "min_recall": 0.5294117647058824,
    "recall_range": 0.2941176470588235,
    "per_class": {
      "NSR": {
        "precision": 0.7857142857142857,
        "recall": 0.6470588235294118,
        "f1": 0.7096774193548386,
        "support": 17
      },
      "CHF": {
        "precision": 0.6363636363636364,
        "recall": 0.8235294117647058,
        "f1": 0.717948717948718,
        "support": 17
      },
      "ARR": {
        "precision": 0.6086956521739131,
        "recall": 0.8235294117647058,
        "f1": 0.7,
        "support": 17
      },
      "AFF": {
        "precision": 1.0,
        "recall": 0.5294117647058824,
        "f1": 0.6923076923076924,
        "support": 17
      }
    },
    "confusion_matrix": [
      [
        11,
        0,
        6,
        0
      ],
      [
        0,
        14,
        3,
        0
      ],
      [
        3,
        0,
        14,
        0
      ],
      [
        0,
        8,
        0,
        9
      ]
    ]
  },
  "val": {
    "accuracy": 0.96875,
    "correct": 31,
    "total": 32,
    "macro_precision": 0.9722222222222222,
    "macro_recall": 0.96875,
    "macro_f1": 0.9686274509803922,
    "balanced_accuracy": 0.96875,
    "min_recall": 0.875,
    "recall_range": 0.125,
    "per_class": {
      "NSR": {
        "precision": 0.8888888888888888,
        "recall": 1.0,
        "f1": 0.9411764705882353,
        "support": 8
      },
      "CHF": {
        "precision": 1.0,
        "recall": 1.0,
        "f1": 1.0,
        "support": 8
      },
      "ARR": {
        "precision": 1.0,
        "recall": 0.875,
        "f1": 0.9333333333333333,
        "support": 8
      },
      "AFF": {
        "precision": 1.0,
        "recall": 1.0,
        "f1": 1.0,
        "support": 8
      }
    },
    "confusion_matrix": [
      [
        8,
        0,
        0,
        0
      ],
      [
        0,
        8,
        0,
        0
      ],
      [
        1,
        0,
        7,
        0
      ],
      [
        0,
        0,
        0,
        8
      ]
    ]
  },
  "test": {
    "accuracy": 0.8333333333333334,
    "correct": 30,
    "total": 36,
    "macro_precision": 0.8517857142857143,
    "macro_recall": 0.8333333333333333,
    "macro_f1": 0.831062030075188,
    "balanced_accuracy": 0.8333333333333333,
    "min_recall": 0.6666666666666666,
    "recall_range": 0.33333333333333337,
    "per_class": {
      "NSR": {
        "precision": 0.8,
        "recall": 0.8888888888888888,
        "f1": 0.8421052631578948,
        "support": 9
      },
      "CHF": {
        "precision": 0.8571428571428571,
        "recall": 0.6666666666666666,
        "f1": 0.75,
        "support": 9
      },
      "ARR": {
        "precision": 1.0,
        "recall": 0.7777777777777778,
        "f1": 0.8750000000000001,
        "support": 9
      },
      "AFF": {
        "precision": 0.75,
        "recall": 1.0,
        "f1": 0.8571428571428571,
        "support": 9
      }
    },
    "confusion_matrix": [
      [
        8,
        1,
        0,
        0
      ],
      [
        0,
        6,
        0,
        3
      ],
      [
        2,
        0,
        7,
        0
      ],
      [
        0,
        0,
        0,
        9
      ]
    ]
  },
  "note": "No-oracle record-level search. Candidate search and selection used only train/validation metrics. Test metrics were computed once after validation selection."
}