{
  "accuracy": 0.96875,
  "correct": 31,
  "total": 32,
  "macro_precision": 0.9722222222222222,
  "macro_recall": 0.96875,
  "macro_f1": 0.9686274509803922,
  "balanced_accuracy": 0.96875,
  "min_recall": 0.875,
  "recall_range": 0.125,
  "per_class": {
    "NSR": {
      "precision": 0.8888888888888888,
      "recall": 1.0,
      "f1": 0.9411764705882353,
      "support": 8
    },
    "CHF": {
      "precision": 1.0,
      "recall": 1.0,
      "f1": 1.0,
      "support": 8
    },
    "ARR": {
      "precision": 1.0,
      "recall": 0.875,
      "f1": 0.9333333333333333,
      "support": 8
    },
    "AFF": {
      "precision": 1.0,
      "recall": 1.0,
      "f1": 1.0,
      "support": 8
    }
  },
  "confusion_matrix": [
    [
      8,
      0,
      0,
      0
    ],
    [
      0,
      8,
      0,
      0
    ],
    [
      1,
      0,
      7,
      0
    ],
    [
      0,
      0,
      0,
      8
    ]
  ]
}