{
  "accuracy": 0.8333333333333334,
  "correct": 30,
  "total": 36,
  "macro_precision": 0.8517857142857143,
  "macro_recall": 0.8333333333333333,
  "macro_f1": 0.831062030075188,
  "balanced_accuracy": 0.8333333333333333,
  "min_recall": 0.6666666666666666,
  "recall_range": 0.33333333333333337,
  "per_class": {
    "NSR": {
      "precision": 0.8,
      "recall": 0.8888888888888888,
      "f1": 0.8421052631578948,
      "support": 9
    },
    "CHF": {
      "precision": 0.8571428571428571,
      "recall": 0.6666666666666666,
      "f1": 0.75,
      "support": 9
    },
    "ARR": {
      "precision": 1.0,
      "recall": 0.7777777777777778,
      "f1": 0.8750000000000001,
      "support": 9
    },
    "AFF": {
      "precision": 0.75,
      "recall": 1.0,
      "f1": 0.8571428571428571,
      "support": 9
    }
  },
  "confusion_matrix": [
    [
      8,
      1,
      0,
      0
    ],
    [
      0,
      6,
      0,
      3
    ],
    [
      2,
      0,
      7,
      0
    ],
    [
      0,
      0,
      0,
      9
    ]
  ]
}