{
  "accuracy": 0.90625,
  "correct": 29,
  "total": 32,
  "macro_precision": 0.9318181818181819,
  "macro_recall": 0.90625,
  "macro_f1": 0.902834008097166,
  "balanced_accuracy": 0.90625,
  "min_recall": 0.625,
  "recall_range": 0.375,
  "per_class": {
    "NSR": {
      "precision": 0.7272727272727273,
      "recall": 1.0,
      "f1": 0.8421052631578948,
      "support": 8
    },
    "CHF": {
      "precision": 1.0,
      "recall": 1.0,
      "f1": 1.0,
      "support": 8
    },
    "ARR": {
      "precision": 1.0,
      "recall": 0.625,
      "f1": 0.7692307692307693,
      "support": 8
    },
    "AFF": {
      "precision": 1.0,
      "recall": 1.0,
      "f1": 1.0,
      "support": 8
    }
  },
  "confusion_matrix": [
    [
      8,
      0,
      0,
      0
    ],
    [
      0,
      8,
      0,
      0
    ],
    [
      3,
      0,
      5,
      0
    ],
    [
      0,
      0,
      0,
      8
    ]
  ]
}