{
  "accuracy": 0.6764705882352942,
  "correct": 46,
  "total": 68,
  "macro_precision": 0.6961281614094914,
  "macro_recall": 0.6764705882352942,
  "macro_f1": 0.6714674758792406,
  "balanced_accuracy": 0.6764705882352942,
  "min_recall": 0.47058823529411764,
  "recall_range": 0.3529411764705882,
  "per_class": {
    "NSR": {
      "precision": 0.7647058823529411,
      "recall": 0.7647058823529411,
      "f1": 0.7647058823529412,
      "support": 17
    },
    "CHF": {
      "precision": 0.6111111111111112,
      "recall": 0.6470588235294118,
      "f1": 0.6285714285714287,
      "support": 17
    },
    "ARR": {
      "precision": 0.6086956521739131,
      "recall": 0.8235294117647058,
      "f1": 0.7,
      "support": 17
    },
    "AFF": {
      "precision": 0.8,
      "recall": 0.47058823529411764,
      "f1": 0.5925925925925927,
      "support": 17
    }
  },
  "confusion_matrix": [
    [
      13,
      0,
      4,
      0
    ],
    [
      1,
      11,
      3,
      2
    ],
    [
      3,
      0,
      14,
      0
    ],
    [
      0,
      7,
      2,
      8
    ]
  ]
}