{
  "accuracy": 0.875,
  "correct": 28,
  "total": 32,
  "macro_precision": 0.9166666666666666,
  "macro_recall": 0.875,
  "macro_f1": 0.8666666666666667,
  "balanced_accuracy": 0.875,
  "min_recall": 0.5,
  "recall_range": 0.5,
  "per_class": {
    "NSR": {
      "precision": 0.6666666666666666,
      "recall": 1.0,
      "f1": 0.8,
      "support": 8
    },
    "CHF": {
      "precision": 1.0,
      "recall": 1.0,
      "f1": 1.0,
      "support": 8
    },
    "ARR": {
      "precision": 1.0,
      "recall": 0.5,
      "f1": 0.6666666666666666,
      "support": 8
    },
    "AFF": {
      "precision": 1.0,
      "recall": 1.0,
      "f1": 1.0,
      "support": 8
    }
  },
  "confusion_matrix": [
    [
      8,
      0,
      0,
      0
    ],
    [
      0,
      8,
      0,
      0
    ],
    [
      4,
      0,
      4,
      0
    ],
    [
      0,
      0,
      0,
      8
    ]
  ]
}