{
  "train": {
    "majority_vote": {
      "accuracy": 0.75,
      "correct": 51,
      "total": 68,
      "macro_precision": 0.7724495898838004,
      "macro_recall": 0.75,
      "macro_f1": 0.7455228354126859,
      "balanced_accuracy": 0.75,
      "min_recall": 0.5294117647058824,
      "recall_range": 0.3529411764705882,
      "per_class": {
        "NSR": {
          "precision": 0.7894736842105263,
          "recall": 0.8823529411764706,
          "f1": 0.8333333333333333,
          "support": 17
        },
        "CHF": {
          "precision": 0.625,
          "recall": 0.8823529411764706,
          "f1": 0.7317073170731708,
          "support": 17
        },
        "ARR": {
          "precision": 0.8571428571428571,
          "recall": 0.7058823529411765,
          "f1": 0.7741935483870968,
          "support": 17
        },
        "AFF": {
          "precision": 0.8181818181818182,
          "recall": 0.5294117647058824,
          "f1": 0.6428571428571428,
          "support": 17
        }
      },
      "confusion_matrix": [
        [
          15,
          0,
          2,
          0
        ],
        [
          1,
          15,
          0,
          1
        ],
        [
          3,
          1,
          12,
          1
        ],
        [
          0,
          8,
          0,
          9
        ]
      ]
    },
    "average_class_mem": {
      "accuracy": 0.75,
      "correct": 51,
      "total": 68,
      "macro_precision": 0.7724495898838004,
      "macro_recall": 0.75,
      "macro_f1": 0.7455228354126859,
      "balanced_accuracy": 0.75,
      "min_recall": 0.5294117647058824,
      "recall_range": 0.3529411764705882,
      "per_class": {
        "NSR": {
          "precision": 0.7894736842105263,
          "recall": 0.8823529411764706,
          "f1": 0.8333333333333333,
          "support": 17
        },
        "CHF": {
          "precision": 0.625,
          "recall": 0.8823529411764706,
          "f1": 0.7317073170731708,
          "support": 17
        },
        "ARR": {
          "precision": 0.8571428571428571,
          "recall": 0.7058823529411765,
          "f1": 0.7741935483870968,
          "support": 17
        },
        "AFF": {
          "precision": 0.8181818181818182,
          "recall": 0.5294117647058824,
          "f1": 0.6428571428571428,
          "support": 17
        }
      },
      "confusion_matrix": [
        [
          15,
          0,
          2,
          0
        ],
        [
          1,
          15,
          0,
          1
        ],
        [
          3,
          1,
          12,
          1
        ],
        [
          0,
          8,
          0,
          9
        ]
      ]
    },
    "raw_sum_class_mem": {
      "accuracy": 0.75,
      "correct": 51,
      "total": 68,
      "macro_precision": 0.7724495898838004,
      "macro_recall": 0.75,
      "macro_f1": 0.7455228354126859,
      "balanced_accuracy": 0.75,
      "min_recall": 0.5294117647058824,
      "recall_range": 0.3529411764705882,
      "per_class": {
        "NSR": {
          "precision": 0.7894736842105263,
          "recall": 0.8823529411764706,
          "f1": 0.8333333333333333,
          "support": 17
        },
        "CHF": {
          "precision": 0.625,
          "recall": 0.8823529411764706,
          "f1": 0.7317073170731708,
          "support": 17
        },
        "ARR": {
          "precision": 0.8571428571428571,
          "recall": 0.7058823529411765,
          "f1": 0.7741935483870968,
          "support": 17
        },
        "AFF": {
          "precision": 0.8181818181818182,
          "recall": 0.5294117647058824,
          "f1": 0.6428571428571428,
          "support": 17
        }
      },
      "confusion_matrix": [
        [
          15,
          0,
          2,
          0
        ],
        [
          1,
          15,
          0,
          1
        ],
        [
          3,
          1,
          12,
          1
        ],
        [
          0,
          8,
          0,
          9
        ]
      ]
    }
  },
  "val": {
    "majority_vote": {
      "accuracy": 0.8125,
      "correct": 26,
      "total": 32,
      "macro_precision": 0.8666666666666667,
      "macro_recall": 0.8125,
      "macro_f1": 0.7919191919191919,
      "balanced_accuracy": 0.8125,
      "min_recall": 0.375,
      "recall_range": 0.625,
      "per_class": {
        "NSR": {
          "precision": 0.6666666666666666,
          "recall": 1.0,
          "f1": 0.8,
          "support": 8
        },
        "CHF": {
          "precision": 0.8,
          "recall": 1.0,
          "f1": 0.888888888888889,
          "support": 8
        },
        "ARR": {
          "precision": 1.0,
          "recall": 0.375,
          "f1": 0.5454545454545454,
          "support": 8
        },
        "AFF": {
          "precision": 1.0,
          "recall": 0.875,
          "f1": 0.9333333333333333,
          "support": 8
        }
      },
      "confusion_matrix": [
        [
          8,
          0,
          0,
          0
        ],
        [
          0,
          8,
          0,
          0
        ],
        [
          4,
          1,
          3,
          0
        ],
        [
          0,
          1,
          0,
          7
        ]
      ]
    },
    "average_class_mem": {
      "accuracy": 0.75,
      "correct": 24,
      "total": 32,
      "macro_precision": 0.8257575757575757,
      "macro_recall": 0.75,
      "macro_f1": 0.7348598769651401,
      "balanced_accuracy": 0.75,
      "min_recall": 0.375,
      "recall_range": 0.625,
      "per_class": {
        "NSR": {
          "precision": 0.6363636363636364,
          "recall": 0.875,
          "f1": 0.7368421052631579,
          "support": 8
        },
        "CHF": {
          "precision": 0.6666666666666666,
          "recall": 1.0,
          "f1": 0.8,
          "support": 8
        },
        "ARR": {
          "precision": 1.0,
          "recall": 0.375,
          "f1": 0.5454545454545454,
          "support": 8
        },
        "AFF": {
          "precision": 1.0,
          "recall": 0.75,
          "f1": 0.8571428571428571,
          "support": 8
        }
      },
      "confusion_matrix": [
        [
          7,
          1,
          0,
          0
        ],
        [
          0,
          8,
          0,
          0
        ],
        [
          4,
          1,
          3,
          0
        ],
        [
          0,
          2,
          0,
          6
        ]
      ]
    },
    "raw_sum_class_mem": {
      "accuracy": 0.75,
      "correct": 24,
      "total": 32,
      "macro_precision": 0.8257575757575757,
      "macro_recall": 0.75,
      "macro_f1": 0.7348598769651401,
      "balanced_accuracy": 0.75,
      "min_recall": 0.375,
      "recall_range": 0.625,
      "per_class": {
        "NSR": {
          "precision": 0.6363636363636364,
          "recall": 0.875,
          "f1": 0.7368421052631579,
          "support": 8
        },
        "CHF": {
          "precision": 0.6666666666666666,
          "recall": 1.0,
          "f1": 0.8,
          "support": 8
        },
        "ARR": {
          "precision": 1.0,
          "recall": 0.375,
          "f1": 0.5454545454545454,
          "support": 8
        },
        "AFF": {
          "precision": 1.0,
          "recall": 0.75,
          "f1": 0.8571428571428571,
          "support": 8
        }
      },
      "confusion_matrix": [
        [
          7,
          1,
          0,
          0
        ],
        [
          0,
          8,
          0,
          0
        ],
        [
          4,
          1,
          3,
          0
        ],
        [
          0,
          2,
          0,
          6
        ]
      ]
    }
  },
  "test": {
    "majority_vote": {
      "accuracy": 0.7222222222222222,
      "correct": 26,
      "total": 36,
      "macro_precision": 0.7344877344877345,
      "macro_recall": 0.7222222222222222,
      "macro_f1": 0.7236111111111111,