{
  "accuracy": 0.6666666666666666,
  "correct": 24,
  "total": 36,
  "macro_precision": 0.6702380952380952,
  "macro_recall": 0.6666666666666666,
  "macro_f1": 0.6650219298245614,
  "balanced_accuracy": 0.6666666666666666,
  "min_recall": 0.5555555555555556,
  "recall_range": 0.2222222222222222,
  "per_class": {
    "NSR": {
      "precision": 0.7,
      "recall": 0.7777777777777778,
      "f1": 0.7368421052631577,
      "support": 9
    },
    "CHF": {
      "precision": 0.7142857142857143,
      "recall": 0.5555555555555556,
      "f1": 0.6250000000000001,
      "support": 9
    },
    "ARR": {
      "precision": 0.6666666666666666,
      "recall": 0.6666666666666666,
      "f1": 0.6666666666666666,
      "support": 9
    },
    "AFF": {
      "precision": 0.6,
      "recall": 0.6666666666666666,
      "f1": 0.631578947368421,
      "support": 9
    }
  },
  "confusion_matrix": [
    [
      7,
      2,
      0,
      0
    ],
    [
      0,
      5,
      1,
      3
    ],
    [
      2,
      0,
      6,
      1
    ],
    [
      1,
      0,
      2,
      6
    ]
  ]
}