{
  "accuracy": 0.7777777777777778,
  "correct": 28,
  "total": 36,
  "macro_precision": 0.8294642857142858,
  "macro_recall": 0.7777777777777778,
  "macro_f1": 0.7659069964898475,
  "balanced_accuracy": 0.7777777777777778,
  "min_recall": 0.4444444444444444,
  "recall_range": 0.5555555555555556,
  "per_class": {
    "NSR": {
      "precision": 0.6428571428571429,
      "recall": 1.0,
      "f1": 0.782608695652174,
      "support": 9
    },
    "CHF": {
      "precision": 0.875,
      "recall": 0.7777777777777778,
      "f1": 0.823529411764706,
      "support": 9
    },
    "ARR": {
      "precision": 1.0,
      "recall": 0.4444444444444444,
      "f1": 0.6153846153846153,
      "support": 9
    },
    "AFF": {
      "precision": 0.8,
      "recall": 0.8888888888888888,
      "f1": 0.8421052631578948,
      "support": 9
    }
  },
  "confusion_matrix": [
    [
      9,
      0,
      0,
      0
    ],
    [
      0,
      7,
      0,
      2
    ],
    [
      4,
      1,
      4,
      0
    ],
    [
      1,
      0,
      0,
      8
    ]
  ]
}