{
  "selection_note": "Selected on train/validation only. Test is evaluated once after selection. Majority vote is the baseline; a candidate must improve validation macro-F1 and validation ARR recall simultaneously. NSR overlay is gated by abnormal evidence and is never allowed as a standalone rule.",
  "baseline_majority": {
    "train": {
      "accuracy": 0.7205882352941176,
      "correct": 49,
      "total": 68,
      "macro_precision": 0.7390175042348955,
      "macro_recall": 0.7205882352941176,
      "macro_f1": 0.7148228297421846,
      "balanced_accuracy": 0.7205882352941176,
      "min_recall": 0.5294117647058824,
      "recall_range": 0.3529411764705882,
      "per_class": {
        "NSR": {
          "precision": 0.6521739130434783,
          "recall": 0.8823529411764706,
          "f1": 0.75,
          "support": 17
        },
        "CHF": {
          "precision": 0.7,
          "recall": 0.8235294117647058,
          "f1": 0.7567567567567567,
          "support": 17
        },
        "ARR": {
          "precision": 0.8181818181818182,
          "recall": 0.5294117647058824,
          "f1": 0.6428571428571428,
          "support": 17
        },
        "AFF": {
          "precision": 0.7857142857142857,
          "recall": 0.6470588235294118,
          "f1": 0.7096774193548386,
          "support": 17
        }
      },
      "confusion_matrix": [
        [
          15,
          1,
          1,
          0
        ],
        [
          1,
          14,
          0,
          2
        ],
        [
          6,
          1,
          9,
          1
        ],
        [
          1,
          4,
          1,
          11
        ]
      ]
    },
    "val": {
      "accuracy": 0.8125,
      "correct": 26,
      "total": 32,
      "macro_precision": 0.8231872294372294,
      "macro_recall": 0.8125,
      "macro_f1": 0.8078477443609022,
      "balanced_accuracy": 0.8125,
      "min_recall": 0.625,
      "recall_range": 0.375,
      "per_class": {
        "NSR": {
          "precision": 0.875,
          "recall": 0.875,
          "f1": 0.875,
          "support": 8
        },
        "CHF": {
          "precision": 0.7272727272727273,
          "recall": 1.0,
          "f1": 0.8421052631578948,
          "support": 8
        },
        "ARR": {
          "precision": 0.8571428571428571,
          "recall": 0.75,
          "f1": 0.7999999999999999,
          "support": 8
        },
        "AFF": {
          "precision": 0.8333333333333334,
          "recall": 0.625,
          "f1": 0.7142857142857143,
          "support": 8
        }
      },
      "confusion_matrix": [
        [
          7,
          0,
          1,
          0
        ],
        [
          0,
          8,
          0,
          0
        ],
        [
          1,
          0,
          6,
          1
        ],
        [
          0,
          3,
          0,
          5
        ]
      ]
    },
    "test": {
      "accuracy": 0.7777777777777778,
      "correct": 28,
      "total": 36,
      "macro_precision": 0.8127705627705628,
      "macro_recall": 0.7777777777777777,
      "macro_f1": 0.7779761904761905,
      "balanced_accuracy": 0.7777777777777777,
      "min_recall": 0.6666666666666666,
      "recall_range": 0.2222222222222222,
      "per_class": {
        "NSR": {
          "precision": 0.7272727272727273,
          "recall": 0.8888888888888888,
          "f1": 0.7999999999999999,
          "support": 9
        },
        "CHF": {
          "precision": 0.6666666666666666,
          "recall": 0.8888888888888888,
          "f1": 0.761904761904762,
          "support": 9
        },
        "ARR": {
          "precision": 1.0,
          "recall": 0.6666666666666666,
          "f1": 0.8,
          "support": 9
        },
        "AFF": {
          "precision": 0.8571428571428571,
          "recall": 0.6666666666666666,
          "f1": 0.75,
          "support": 9
        }
      },
      "confusion_matrix": [
        [
          8,
          1,
          0,
          0
        ],
        [
          0,
          8,
          0,
          1
        ],
        [
          2,
          1,
          6,
          0
        ],
        [
          1,
          2,
          0,
          6
        ]
      ]
    }
  },
  "candidate_id": 2751,
  "arr_param": [
    10,
    0,
    30
  ],
  "aff_quiet_param": [
    18,
    0,
    150,
    25
  ],
  "aff_persistent_param": [
    10,
    5,
    2500
  ],
  "nsr_param": null,
  "train_metrics": {
    "accuracy": 0.7647058823529411,
    "correct": 52,
    "total": 68,
    "macro_precision": 0.7872317899491813,
    "macro_recall": 0.7647058823529411,
    "macro_f1": 0.7605944077718271,
    "balanced_accuracy": 0.7647058823529411,
    "min_recall": 0.5294117647058824,
    "recall_range": 0.3529411764705882,
    "per_class": {
      "NSR": {
        "precision": 0.6521739130434783,
        "recall": 0.8823529411764706,
        "f1": 0.75,
        "support": 17
      },
      "CHF": {
        "precision": 0.9285714285714286,
        "recall": 0.7647058823529411,
        "f1": 0.8387096774193549,
        "support": 17
      },
      "ARR": {
        "precision": 0.8181818181818182,
        "recall": 0.5294117647058824,
        "f1": 0.6428571428571428,
        "support": 17
      },
      "AFF": {
        "precision": 0.75,
        "recall": 0.8823529411764706,
        "f1": 0.8108108108108107,
        "support": 17
      }
    },
    "confusion_matrix": [
      [
        15,
        0,
        1,
        1
      ],
      [
        1,
        13,
        0,
        3
      ],
      [
        6,
        1,
        9,
        1
      ],
      [
        1,
        0,
        1,
        15
      ]
    ]
  },
  "val_metrics": {
    "accuracy": 0.9375,
    "correct": 30,
    "total": 32,
    "macro_precision": 0.9375,
    "macro_recall": 0.9375,
    "macro_f1": 0.9375,
    "balanced_accuracy": 0.9375,
    "min_recall": 0.875,
    "recall_range": 0.125,
    "per_class": {
      "NSR": {
        "precision": 0.875,
        "recall": 0.875,
        "f1": 0.875,
        "support": 8
      },
      "CHF": {
        "precision": 1.0,
        "recall": 1.0,
        "f1": 1.0,
        "support": 8
      },
      "ARR": {
        "precision": 0.875,
        "recall": 0.875,
        "f1": 0.875,
        "support": 8
      },
      "AFF": {
        "precision": 1.0,
        "recall": 1.0,
        "f1": 1.0,
        "support": 8
      }
    },
    "confusion_matrix": [
      [
        7,
        0,
        1,
        0
      ],
      [
        0,
        8,
        0,
        0
      ],
      [
        1,
        0,
        7,
        0
      ],
      [
        0,
        0,
        0,
        8
      ]
    ]
  },
  "test_metrics": {
    "accuracy": 0.8055555555555556,
    "correct": 29,
    "total": 36,
    "macro_precision": 0.8262626262626263,
    "macro_recall": 0.8055555555555556,
    "macro_f1": 0.8049707602339181,
    "balanced_accuracy": 0.8055555555555556,
    "min_recall": 0.6666666666666666,
    "recall_range": 0.2222222222222222,
    "per_class": {
      "NSR": {
        "precision": 0.7272727272727273,
        "recall": 0.8888888888888888,
        "f1": 0.7999999999999999,
        "support": 9
      },
      "CHF": {
        "precision": 0.7777777777777778,
        "recall": 0.7777777777777778,
        "f1": 0.7777777777777778,
        "support": 9
      },
      "ARR": {
        "precision": 1.0,
        "recall": 0.6666666666666666,
        "f1": 0.8,
        "support": 9
      },
      "AFF": {
        "precision": 0.8,
        "recall": 0.8888888888888888,
        "f1": 0.8421052631578948,
        "support": 9
      }
    },
    "confusion_matrix": [
      [
        8,
        1,
        0,
        0
      ],
      [
        0,
        7,
        0,
        2
      ],
      [
        2,
        1,
        6,
        0
      ],
      [
        1,
        0,
        0,
        8
      ]
    ]
  }
}