{
  "train": {
    "majority_vote": {
      "accuracy": 0.7205882352941176,
      "correct": 49,
      "total": 68,
      "macro_precision": 0.7390175042348955,
      "macro_recall": 0.7205882352941176,
      "macro_f1": 0.7148228297421846,
      "balanced_accuracy": 0.7205882352941176,
      "min_recall": 0.5294117647058824,
      "recall_range": 0.3529411764705882,
      "per_class": {
        "NSR": {
          "precision": 0.6521739130434783,
          "recall": 0.8823529411764706,
          "f1": 0.75,
          "support": 17
        },
        "CHF": {
          "precision": 0.7,
          "recall": 0.8235294117647058,
          "f1": 0.7567567567567567,
          "support": 17
        },
        "ARR": {
          "precision": 0.8181818181818182,
          "recall": 0.5294117647058824,
          "f1": 0.6428571428571428,
          "support": 17
        },
        "AFF": {
          "precision": 0.7857142857142857,
          "recall": 0.6470588235294118,
          "f1": 0.7096774193548386,
          "support": 17
        }
      },
      "confusion_matrix": [
        [
          15,
          1,
          1,
          0
        ],
        [
          1,
          14,
          0,
          2
        ],
        [
          6,
          1,
          9,
          1
        ],
        [
          1,
          4,
          1,
          11
        ]
      ]
    },
    "average_class_mem": {
      "accuracy": 0.6911764705882353,
      "correct": 47,
      "total": 68,
      "macro_precision": 0.7090909090909091,
      "macro_recall": 0.6911764705882353,
      "macro_f1": 0.683720853951117,
      "balanced_accuracy": 0.6911764705882353,
      "min_recall": 0.47058823529411764,
      "recall_range": 0.3529411764705882,
      "per_class": {
        "NSR": {
          "precision": 0.6363636363636364,
          "recall": 0.8235294117647058,
          "f1": 0.717948717948718,
          "support": 17
        },
        "CHF": {
          "precision": 0.6666666666666666,
          "recall": 0.8235294117647058,
          "f1": 0.7368421052631577,
          "support": 17
        },
        "ARR": {
          "precision": 0.8,
          "recall": 0.47058823529411764,
          "f1": 0.5925925925925927,
          "support": 17
        },
        "AFF": {
          "precision": 0.7333333333333333,
          "recall": 0.6470588235294118,
          "f1": 0.6875,
          "support": 17
        }
      },
      "confusion_matrix": [
        [
          14,
          2,
          1,
          0
        ],
        [
          1,
          14,
          0,
          2
        ],
        [
          6,
          1,
          8,
          2
        ],
        [
          1,
          4,
          1,
          11
        ]
      ]
    }
  },
  "val": {
    "majority_vote": {
      "accuracy": 0.8125,
      "correct": 26,
      "total": 32,
      "macro_precision": 0.8231872294372294,
      "macro_recall": 0.8125,
      "macro_f1": 0.8078477443609022,
      "balanced_accuracy": 0.8125,
      "min_recall": 0.625,
      "recall_range": 0.375,
      "per_class": {
        "NSR": {
          "precision": 0.875,
          "recall": 0.875,
          "f1": 0.875,
          "support": 8
        },
        "CHF": {
          "precision": 0.7272727272727273,
          "recall": 1.0,
          "f1": 0.8421052631578948,
          "support": 8
        },
        "ARR": {
          "precision": 0.8571428571428571,
          "recall": 0.75,
          "f1": 0.7999999999999999,
          "support": 8
        },
        "AFF": {
          "precision": 0.8333333333333334,
          "recall": 0.625,
          "f1": 0.7142857142857143,
          "support": 8
        }
      },
      "confusion_matrix": [
        [
          7,
          0,
          1,
          0
        ],
        [
          0,
          8,
          0,
          0
        ],
        [
          1,
          0,
          6,
          1
        ],
        [
          0,
          3,
          0,
          5
        ]
      ]
    },
    "average_class_mem": {
      "accuracy": 0.8125,
      "correct": 26,
      "total": 32,
      "macro_precision": 0.8231872294372294,
      "macro_recall": 0.8125,
      "macro_f1": 0.8078477443609022,
      "balanced_accuracy": 0.8125,
      "min_recall": 0.625,
      "recall_range": 0.375,
      "per_class": {
        "NSR": {
          "precision": 0.875,
          "recall": 0.875,
          "f1": 0.875,
          "support": 8
        },
        "CHF": {
          "precision": 0.7272727272727273,
          "recall": 1.0,
          "f1": 0.8421052631578948,
          "support": 8
        },
        "ARR": {
          "precision": 0.8571428571428571,
          "recall": 0.75,
          "f1": 0.7999999999999999,
          "support": 8
        },
        "AFF": {
          "precision": 0.8333333333333334,
          "recall": 0.625,
          "f1": 0.7142857142857143,
          "support": 8
        }
      },
      "confusion_matrix": [
        [
          7,
          0,
          1,
          0
        ],
        [
          0,
          8,
          0,
          0
        ],
        [
          1,
          0,
          6,
          1
        ],
        [
          0,
          3,
          0,
          5
        ]
      ]
    }
  },
  "test": {
    "majority_vote": {
      "accuracy": 0.7777777777777778,
      "correct": 28,
      "total": 36,
      "macro_precision": 0.8127705627705628,
      "macro_recall": 0.7777777777777777,
      "macro_f1": 0.7779761904761905,
      "balanced_accuracy": 0.7777777777777777,
      "min_recall": 0.6666666666666666,
      "recall_range": 0.2222222222222222,
      "per_class": {
        "NSR": {
          "precision": 0.7272727272727273,
          "recall": 0.8888888888888888,
          "f1": 0.7999999999999999,
          "support": 9
        },
        "CHF": {
          "precision": 0.6666666666666666,
          "recall": 0.8888888888888888,
          "f1": 0.761904761904762,
          "support": 9
        },
        "ARR": {
          "precision": 1.0,
          "recall": 0.6666666666666666,
          "f1": 0.8,
          "support": 9
        },
        "AFF": {
          "precision": 0.8571428571428571,
          "recall": 0.6666666666666666,
          "f1": 0.75,
          "support": 9
        }
      },
      "confusion_matrix": [
        [
          8,
          1,
          0,
          0
        ],
        [
          0,
          8,
          0,
          1
        ],
        [
          2,
          1,
          6,
          0
        ],
        [
          1,
          2,
          0,
          6
        ]
      ]
    },
    "average_class_mem": {
      "accuracy": 0.75,
      "correct": 27,
      "total": 36,
      "macro_precision": 0.7764652014652015,
      "macro_recall": 0.75,
      "macro_f1": 0.7465111642743223,
      "balanced_accuracy": 0.75,
      "min_recall": 0.5555555555555556,
      "recall_range": 0.33333333333333326,
      "per_class": {
        "NSR": {
          "precision": 0.8,
          "recall": 0.8888888888888888,
          "f1": 0.8421052631578948,
          "support": 9
        },
        "CHF": {
          "precision": 0.6153846153846154,
          "recall": 0.8888888888888888,
          "f1": 0.7272727272727274,
          "support": 9
        },
        "ARR": {
          "precision": 0.8571428571428571,
          "recall": 0.6666666666666666,
          "f1": 0.75,
          "support": 9
        },
        "AFF": {
          "precision": 0.8333333333333334,
          "recall": 0.5555555555555556,
          "f1": 0.6666666666666667,
          "support": 9
        }
      },
      "confusion_matrix": [
        [
          8,
          1,
          0,
          0
        ],
        [
          0,
          8,
          0,
          1
        ],
        [
          2,
          1,
          6,
          0
        ],
        [
          0,
          3,
          1,
          5
        ]
      ]
    }
  }
}