{
  "accuracy": 0.90625,
  "correct": 29,
  "total": 32,
  "macro_precision": 0.9052579365079365,
  "macro_recall": 0.90625,
  "macro_f1": 0.9040441176470588,
  "balanced_accuracy": 0.90625,
  "min_recall": 0.75,
  "recall_range": 0.25,
  "per_class": {
    "NSR": {
      "precision": 0.875,
      "recall": 0.875,
      "f1": 0.875,
      "support": 8
    },
    "CHF": {
      "precision": 1.0,
      "recall": 1.0,
      "f1": 1.0,
      "support": 8
    },
    "ARR": {
      "precision": 0.8571428571428571,
      "recall": 0.75,
      "f1": 0.7999999999999999,
      "support": 8
    },
    "AFF": {
      "precision": 0.8888888888888888,
      "recall": 1.0,
      "f1": 0.9411764705882353,
      "support": 8
    }
  },
  "confusion_matrix": [
    [
      7,
      0,
      1,
      0
    ],
    [
      0,
      8,
      0,
      0
    ],
    [
      1,
      0,
      6,
      1
    ],
    [
      0,
      0,
      0,
      8
    ]
  ]
}