{
  "accuracy": 0.8823529411764706,
  "correct": 60,
  "total": 68,
  "macro_precision": 0.92,
  "macro_recall": 0.8823529411764706,
  "macro_f1": 0.8836580086580087,
  "balanced_accuracy": 0.8823529411764706,
  "min_recall": 0.6470588235294118,
  "recall_range": 0.3529411764705882,
  "per_class": {
    "NSR": {
      "precision": 0.68,
      "recall": 1.0,
      "f1": 0.8095238095238095,
      "support": 17
    },
    "CHF": {
      "precision": 1.0,
      "recall": 0.9411764705882353,
      "f1": 0.9696969696969697,
      "support": 17
    },
    "ARR": {
      "precision": 1.0,
      "recall": 0.6470588235294118,
      "f1": 0.7857142857142858,
      "support": 17
    },
    "AFF": {
      "precision": 1.0,
      "recall": 0.9411764705882353,
      "f1": 0.9696969696969697,
      "support": 17
    }
  },
  "confusion_matrix": [
    [
      17,
      0,
      0,
      0
    ],
    [
      1,
      16,
      0,
      0
    ],
    [
      6,
      0,
      11,
      0
    ],
    [
      1,
      0,
      0,
      16
    ]
  ]
}