{
  "record_accuracy": 0.5833333333333334,
  "record_correct": 7,
  "record_total": 12,
  "macro_f1": 0.5416666666666666,
  "balanced_accuracy": 0.5833333333333333,
  "class_metrics": [
    {
      "class": "NSR",
      "precision": 1.0,
      "recall": 1.0,
      "f1": 1.0,
      "support": 3,
      "correct": 3
    },
    {
      "class": "CHF",
      "precision": 0.0,
      "recall": 0.0,
      "f1": 0.0,
      "support": 3,
      "correct": 0
    },
    {
      "class": "ARR",
      "precision": 0.6666666666666666,
      "recall": 0.6666666666666666,
      "f1": 0.6666666666666666,
      "support": 3,
      "correct": 2
    },
    {
      "class": "AFF",
      "precision": 0.4,
      "recall": 0.6666666666666666,
      "f1": 0.5,
      "support": 3,
      "correct": 2
    }
  ],
  "float_vs_fixed_mismatch": 0
}