{
  "record_accuracy": 0.9428571428571428,
  "record_correct": 33,
  "record_total": 35,
  "macro_f1": 0.9428104575163399,
  "balanced_accuracy": 0.9444444444444444,
  "class_metrics": [
    {
      "class": "NSR",
      "precision": 1.0,
      "recall": 1.0,
      "f1": 1.0,
      "support": 9,
      "correct": 9
    },
    {
      "class": "CHF",
      "precision": 0.8,
      "recall": 1.0,
      "f1": 0.888888888888889,
      "support": 8,
      "correct": 8
    },
    {
      "class": "ARR",
      "precision": 1.0,
      "recall": 0.8888888888888888,
      "f1": 0.9411764705882353,
      "support": 9,
      "correct": 8
    },
    {
      "class": "AFF",
      "precision": 1.0,
      "recall": 0.8888888888888888,
      "f1": 0.9411764705882353,
      "support": 9,
      "correct": 8
    }
  ],
  "float_vs_fixed_mismatch": 0
}